Category,Language,Aspects,Count
PostDoc,German,arbeit___wissenschaft,316
Others,German,arbeit___wissenschaft,263
PostDoc,English,academia___arbeit,251
PostDoc,German,jahr___wissenschaft,250
Professor,German,arbeit___wissenschaft,197
PostDoc,German,jahr___stelle,192
PostDoc,German,arbeit___jahr,184
PostDoc,German,mittelbau___wissenschaft,182
Professor,English,academia___arbeit,170
PostDoc,English,academia___wissenschaft,159
Others,German,jahr___wissenschaft,157
Professor,German,jahr___wissenschaft,156
PostDoc,German,thema___wissenschaft,148
PostDoc,German,forschung___wissenschaft,147
PostDoc,German,jahr___promotion,146
Professor,German,forschung___wissenschaft,144
PostDoc,German,stelle___wissenschaft,143
PostDoc,German,problem___wissenschaft,139
PostDoc,German,jahr___mittelbau,137
Others,German,arbeit___jahr,134
PostDoc,German,forschung___jahr,131
Professor,German,mittelbau___wissenschaft,128
Unknown,German,arbeit___wissenschaft,127
Unknown,German,jahr___wissenschaft,120
PostDoc,German,promotion___wissenschaft,118
Others,German,forschung___wissenschaft,116
Professor,German,jahr___promotion,116
Professor,German,jahr___stelle,115
PostDoc,German,jahr___uni,113
PostDoc,German,arbeit___uni,113
PostDoc,German,arbeit___forschung,112
Others,German,mittelbau___wissenschaft,109
Unknown,German,jahr___stelle,109
PostDoc,English,arbeit___wissenschaft,106
PostDoc,English,academia___research,104
Professor,German,grund___wissenschaft,103
PostDoc,German,arbeit___mittelbau,103
Professor,German,arbeit___jahr,102
PostDoc,English,academia___jahr,101
PostDoc,German,arbeit___stelle,101
PostDoc,German,deutschland___wissenschaft,101
PostDoc,German,professur___wissenschaft,100
Professor,German,problem___wissenschaft,100
PostDoc,German,forschung___mittelbau,100
PostDoc,English,academia___mittelbau,99
Others,German,arbeit___hochschule,99
PostDoc,German,arbeit___thema,98
PostDoc,German,academia___forschung,97
PostDoc,German,perspektive___wissenschaft,96
Professor,German,thema___wissenschaft,95
Others,German,thema___wissenschaft,94
Professor,German,jahr___mittelbau,94
PostDoc,English,arbeit___research,93
Unknown,German,arbeit___jahr,92
Others,German,arbeit___forschung,92
PostDoc,German,leute___wissenschaft,91
PostDoc,German,mittelbau___stelle,90
PostDoc,German,jahr___problem,90
Professor,German,stelle___wissenschaft,89
PostDoc,English,arbeit___situation,89
Unknown,German,jahr___promotion,88
PostDoc,German,hanna___wissenschaft,88
PostDoc,German,mittelbau___thema,87
PostDoc,German,arbeit___promotion,86
PostDoc,German,politik___wissenschaft,85
PostDoc,German,jahr___vertrag,85
Others,German,jahr___stelle,83
Professor,German,arbeit___mittelbau,83
Professor,German,arbeit___forschung,82
PostDoc,German,promotion___stelle,82
PostDoc,English,arbeit___jahr,81
Others,German,arbeit___mittelbau,81
Others,German,arbeit___thema,81
PostDoc,German,mensch___wissenschaft,80
PostDoc,German,uni___wissenschaft,80
Others,German,hochschule___wissenschaft,80
Professor,German,jahr___professur,80
PostDoc,English,academia___deutschland,80
PostDoc,German,jahr___leute,79
Unknown,German,jahr___vertrag,79
PostDoc,German,hanna___jahr,78
Professor,German,promotion___wissenschaft,78
Professor,German,projekt___wissenschaft,78
Others,German,academia___arbeit,77
Others,German,stelle___wissenschaft,76
PostDoc,German,jahr___thema,75
PostDoc,German,grund___wissenschaft,75
PostDoc,German,bmbf___wissenschaft,75
Professor,German,forschung___mittelbau,74
Others,German,arbeit___uni,74
PostDoc,German,arbeit___problem,73
PostDoc,German,forschung___leute,73
Others,German,jahr___vertrag,72
Others,German,jahr___uni,72
Others,German,grund___wissenschaft,72
PostDoc,German,arbeit___leute,72
Professor,German,deutschland___wissenschaft,72
PostDoc,German,jahr___projekt,72
Others,German,forschung___jahr,71
Professor,German,forschung___jahr,69
PostDoc,German,deutschland___jahr,69
Professor,German,jahr___uni,68
Others,German,jahr___thema,68
PostDoc,English,academia___vertrag,68
PostDoc,German,mittelbau___problem,67
Professor,German,leute___wissenschaft,67
Professor,German,hanna___wissenschaft,67
PostDoc,German,problem___thema,67
Professor,German,forschung___leute,67
Professor,German,perspektive___wissenschaft,66
Others,German,vertrag___wissenschaft,66
PostDoc,German,mittelbau___uni,65
Others,German,jahr___mittelbau,65
PostDoc,German,jahr___zeit,65
Professor,German,promotion___stelle,64
PostDoc,German,jahr___wort,64
Professor,German,professur___promotion,64
Others,German,befristung___wissenschaft,63
PostDoc,German,mittelbau___promotion,63
PostDoc,German,stelle___vertrag,62
Others,German,arbeit___stelle,62
Professor,German,professur___wissenschaft,62
PostDoc,German,jahr___perspektive,62
PostDoc,English,arbeit___vertrag,62
PostDoc,German,arbeit___professur,61
Professor,German,hanna___jahr,61
PostDoc,German,arbeit___hanna,61
PostDoc,German,arbeit___hochschule,61
Others,German,forschung___hochschule,60
PostDoc,German,academia___jahr,60
Professor,German,grund___jahr,60
Others,German,deutschland___wissenschaft,60
PostDoc,German,bmbf___jahr,59
Professor,English,academia___jahr,59
Others,German,perspektive___wissenschaft,59
PostDoc,German,forschung___problem,59
PostDoc,German,jahr___professur,58
Others,German,jahr___promotion,58
Professor,English,academia___research,58
Professor,English,academia___wissenschaft,58
PostDoc,German,stelle___uni,58
PostDoc,German,leute___mittelbau,58
Others,German,uni___wissenschaft,57
Professor,German,jahr___leute,57
Others,German,leute___wissenschaft,57
PostDoc,English,arbeit___zeit,57
Others,German,politik___wissenschaft,57
Professor,German,jahr___zeit,57
Professor,English,academia___deutschland,57
Unknown,German,arbeit___stelle,57
PostDoc,German,projekt___wissenschaft,57
PostDoc,German,problem___stelle,56
PostDoc,German,arbeit___bmbf,56
Unknown,German,politik___wissenschaft,56
PostDoc,German,grund___jahr,56
PostDoc,English,academia___zeit,56
Professor,German,arbeit___promotion,56
Others,German,problem___wissenschaft,56
PostDoc,German,arbeit___perspektive,56
Unknown,German,stelle___wissenschaft,56
PostDoc,German,forschung___stelle,56
Professor,German,jahr___projekt,55
Professor,German,mittelbau___professur,55
Professor,German,arbeit___stelle,55
PostDoc,English,research___wissenschaft,55
PostDoc,German,arbeit___mensch,55
PostDoc,German,arbeit___grund,55
PostDoc,English,academia___mensch,55
Professor,German,problem___thema,54
PostDoc,German,forschung___thema,54
Professor,German,arbeit___problem,54
PostDoc,German,stelle___thema,54
Professor,German,politik___wissenschaft,54
Professor,German,arbeit___thema,54
PostDoc,German,wissenschaft___zeit,54
PostDoc,German,forschung___uni,54
Others,German,arbeit___befristung,53
Unknown,German,mensch___wissenschaft,53
PostDoc,English,academia___situation,53
PostDoc,German,academia___wissenschaft,53
Professor,German,arbeit___uni,53
Professor,German,jahr___thema,52
Professor,German,jahr___problem,52
Others,German,hochschule___jahr,52
Unknown,German,forschung___wissenschaft,52
PostDoc,German,arbeit___politik,52
Others,German,befristung___mittelbau,52
Professor,English,academia___vertrag,52
PostDoc,English,mittelbau___wissenschaft,52
Unknown,German,deutschland___wissenschaft,51
PostDoc,English,academia___thema,51
Unknown,German,forschung___jahr,51
PostDoc,German,mittelbau___projekt,51
Professor,German,forschung___stelle,51
PostDoc,German,mittelbau___perspektive,51
PostDoc,English,arbeit___mittelbau,51
PostDoc,German,promotion___thema,51
PostDoc,German,professur___promotion,51
Others,German,academia___wissenschaft,51
PostDoc,German,promotion___uni,51
Unknown,German,jahr___uni,51
Unknown,German,uni___wissenschaft,51
PostDoc,German,grund___mittelbau,50
Professor,German,bmbf___wissenschaft,50
PostDoc,German,arbeit___vertrag,50
Professor,German,arbeit___leute,50
Professor,German,forschung___zeit,50
Professor,German,grund___mittelbau,50
PostDoc,German,hanna___problem,50
PostDoc,English,academia___stelle,50
Unknown,German,arbeit___uni,50
Unknown,German,stelle___vertrag,50
Others,German,befristung___jahr,50
PostDoc,German,wissenschaft___wort,49
Professor,German,jahr___vertrag,49
Professor,English,arbeit___jahr,49
PostDoc,German,academia___arbeit,49
PostDoc,German,bmbf___mittelbau,49
PostDoc,English,arbeit___deutschland,49
PostDoc,German,grund___problem,49
PostDoc,German,hanna___stelle,48
PostDoc,German,leute___problem,48
PostDoc,German,problem___uni,48
Others,German,arbeit___leute,48
PostDoc,German,jahr___mensch,48
Others,German,arbeit___grund,48
Unknown,German,arbeit___forschung,48
Professor,English,academia___stelle,48
Professor,German,mittelbau___uni,48
Professor,German,mittelbau___thema,48
PostDoc,German,forschung___promotion,48
Professor,German,mittelbau___promotion,48
Professor,German,mittelbau___problem,48
PostDoc,German,projekt___thema,47
Others,German,arbeit___problem,47
Others,German,forschung___mittelbau,47
PostDoc,German,arbeit___zeit,47
PostDoc,German,vertrag___wissenschaft,47
Unknown,German,problem___wissenschaft,47
Professor,German,leute___mittelbau,47
Professor,German,arbeit___grund,47
Others,German,mensch___wissenschaft,47
Others,German,arbeit___hanna,46
Professor,German,uni___wissenschaft,46
Others,German,jahr___problem,46
Unknown,German,promotion___wissenschaft,46
Professor,German,mensch___wissenschaft,46
PostDoc,German,bmbf___deutschland,46
Professor,German,forschung___projekt,46
PostDoc,German,forschung___zeit,46
PostDoc,German,befristung___jahr,46
PostDoc,German,hanna___mittelbau,46
Unknown,German,academia___jahr,45
Others,German,hochschule___mittelbau,45
PostDoc,German,mittelbau___professur,45
Professor,English,arbeit___research,45
Others,German,forschung___uni,45
PostDoc,German,projekt___stelle,45
Others,German,hanna___wissenschaft,45
Others,German,jahr___leute,45
PostDoc,English,jahr___vertrag,45
Others,German,academia___jahr,45
PostDoc,German,hochschule___jahr,45
PostDoc,German,mensch___mittelbau,45
Professor,German,problem___stelle,45
Others,German,hanna___jahr,44
Professor,German,arbeit___hanna,44
PostDoc,German,befristung___wissenschaft,44
PostDoc,German,bmbf___forschung,44
PostDoc,German,forschung___projekt,44
Professor,English,arbeit___deutschland,44
Professor,German,grund___stelle,44
PostDoc,German,hochschule___mittelbau,44
PostDoc,German,problem___promotion,44
Professor,German,arbeit___professur,44
Professor,German,hanna___stelle,44
Professor,German,forschung___problem,43
Unknown,German,jahr___zeit,43
PostDoc,German,deutschland___forschung,43
Professor,German,problem___promotion,43
Professor,German,stelle___uni,43
PostDoc,German,hochschule___wissenschaft,43
Unknown,German,academia___arbeit,43
PostDoc,German,forschung___professur,43
PostDoc,German,arbeit___deutschland,42
PhD Student,German,jahr___wissenschaft,42
PostDoc,German,mittelbau___politik,42
PostDoc,German,bmbf___problem,42
Professor,German,mittelbau___stelle,42
Others,German,arbeit___vertrag,42
PostDoc,German,forschung___hochschule,42
Professor,German,hochschule___wissenschaft,42
PostDoc,German,uni___vertrag,42
Professor,German,jahr___perspektive,42
PostDoc,English,academia___wort,42
Unknown,German,promotion___stelle,41
Professor,German,forschung___thema,41
PostDoc,English,academia___promotion,41
PostDoc,German,perspektive___promotion,41
PostDoc,German,leute___uni,41
Professor,German,deutschland___jahr,41
PostDoc,German,academia___mittelbau,41
Professor,English,academia___zeit,41
PostDoc,English,deutschland___wissenschaft,41
Professor,German,wissenschaft___zeit,41
Unknown,German,hochschule___wissenschaft,41
Others,German,forschung___thema,40
Professor,German,arbeit___projekt,40
Others,German,arbeit___deutschland,40
PostDoc,German,perspektive___thema,40
PostDoc,German,thema___uni,40
PostDoc,German,professur___stelle,40
Others,German,jahr___perspektive,40
PostDoc,German,jahr___politik,40
Professor,German,professur___stelle,40
PostDoc,German,forschung___hanna,40
Others,English,arbeit___research,40
PostDoc,German,arbeit___projekt,40
Unknown,German,mittelbau___wissenschaft,40
Professor,German,befristung___jahr,39
Others,German,wissenschaft___zeit,39
Professor,German,befristung___promotion,39
PostDoc,English,vertrag___wort,39
Professor,German,forschung___grund,39
PostDoc,English,jahr___wissenschaft,39
Others,German,mittelbau___thema,39
PostDoc,English,arbeit___promotion,39
PostDoc,English,deutschland___jahr,39
Professor,German,grund___problem,39
Professor,German,geld___wissenschaft,39
Professor,English,arbeit___wissenschaft,38
Professor,German,forschung___professur,38
Others,German,forschung___leute,38
Others,German,stelle___vertrag,38
Professor,German,forschung___promotion,38
Others,German,promotion___wissenschaft,38
PostDoc,German,deutschland___mittelbau,38
Others,German,professur___wissenschaft,37
PhD Student,German,jahr___uni,37
Others,German,jahr___mensch,37
Professor,German,promotion___uni,37
PostDoc,German,arbeit___befristung,37
Others,German,arbeit___mensch,37
Professor,German,mittelbau___perspektive,37
Unknown,German,hanna___jahr,37
PostDoc,German,bmbf___stelle,37
Unknown,German,thema___wissenschaft,36
PostDoc,German,forschung___grund,36
PostDoc,English,jahr___research,36
Professor,German,problem___projekt,36
Unknown,German,professur___wissenschaft,36
Professor,German,perspektive___promotion,36
Unknown,German,jahr___politik,36
Professor,German,promotion___thema,36
Others,German,jahr___zeit,36
Professor,German,grund___promotion,36
PostDoc,German,grund___leute,36
PostDoc,German,mensch___uni,36
Professor,German,befristung___wissenschaft,36
Others,German,arbeit___perspektive,36
Professor,German,grund___uni,35
Others,German,deutschland___jahr,35
Professor,German,hanna___promotion,35
Unknown,German,academia___stelle,35
Professor,English,arbeit___stelle,35
Unknown,German,jahr___leute,35
PostDoc,English,mensch___wissenschaft,35
PostDoc,German,arbeit___wort,35
PostDoc,German,grund___thema,35
Professor,German,leute___uni,35
PostDoc,English,academia___problem,35
PostDoc,German,problem___professur,35
Others,German,problem___thema,35
PostDoc,German,forschung___mensch,35
Professor,German,mittelbau___zeit,35
PostDoc,German,academia___uni,35
Professor,German,problem___professur,35
PhD Student,German,jahr___promotion,35
Professor,English,academia___mensch,34
Unknown,German,jahr___mensch,34
PostDoc,German,leute___stelle,34
PostDoc,German,forschung___perspektive,34
Professor,German,projekt___stelle,34
Unknown,German,academia___wissenschaft,34
Unknown,German,jahr___professur,34
PostDoc,German,hanna___promotion,34
PostDoc,German,perspektive___problem,34
PostDoc,English,arbeit___wort,34
Unknown,German,stelle___uni,34
Unknown,German,hanna___wissenschaft,34
Unknown,German,geld___wissenschaft,34
PostDoc,German,problem___projekt,34
PostDoc,German,stelle___wort,34
PostDoc,German,hanna___uni,33
Professor,German,forschung___hanna,33
Professor,German,grund___leute,33
Unknown,German,jahr___mittelbau,33
Others,English,vertrag___wort,33
Unknown,German,jahr___problem,33
PostDoc,German,grund___uni,33
PostDoc,English,deutschland___vertrag,33
Professor,German,bmbf___jahr,33
Professor,German,arbeit___perspektive,33
Professor,German,stelle___thema,33
PostDoc,English,research___vertrag,33
Professor,German,professur___thema,33
PostDoc,German,mittelbau___zeit,33
PostDoc,German,deutschland___problem,33
Professor,German,problem___uni,33
Unknown,German,arbeit___problem,33
Others,German,stelle___uni,33
PostDoc,English,stelle___wissenschaft,32
Others,German,jahr___projekt,32
Others,German,jahr___professur,32
PostDoc,German,mensch___problem,32
PostDoc,German,professur___thema,32
PostDoc,German,leute___zeit,32
PostDoc,German,problem___zeit,32
PostDoc,German,grund___promotion,32
Professor,German,arbeit___hochschule,32
Professor,German,mittelbau___projekt,32
PostDoc,German,promotion___zeit,32
PostDoc,English,arbeit___stelle,32
Others,German,projekt___wissenschaft,32
Others,German,forschung___stelle,32
Others,German,arbeit___promotion,32
Professor,German,deutschland___promotion,32
PostDoc,German,politik___thema,31
PostDoc,German,mittelbau___vertrag,31
Others,German,grund___mittelbau,31
PostDoc,German,forschung___politik,31
Others,German,mensch___mittelbau,31
PostDoc,German,mensch___stelle,31
Others,English,academia___arbeit,31
PostDoc,German,professur___uni,31
Unknown,German,arbeit___hochschule,31
Professor,German,arbeit___zeit,31
Professor,German,befristung___thema,31
Others,German,deutschland___hochschule,31
Professor,German,forschung___hochschule,31
Professor,German,perspektive___thema,31
Professor,German,projekt___thema,31
PostDoc,English,arbeit___mensch,31
Unknown,German,leute___wissenschaft,31
Others,English,research___vertrag,31
Unknown,German,vertrag___wissenschaft,31
Professor,German,academia___arbeit,31
PostDoc,English,jahr___promotion,30
Professor,German,wissenschaft___zukunft,30
Professor,German,stelle___vertrag,30
Others,German,grund___jahr,30
Others,German,uni___vertrag,30
Professor,English,arbeit___zeit,30
Professor,German,jahr___mensch,30
PostDoc,German,leute___perspektive,30
Professor,German,arbeit___deutschland,30
PhD Student,German,arbeit___wissenschaft,30
PostDoc,German,situation___wissenschaft,30
Others,German,forschung___hanna,30
Others,German,mittelbau___stelle,29
Others,German,mittelbau___uni,29
PostDoc,German,jahr___zukunft,29
Professor,German,deutschland___mittelbau,29
Professor,German,forschung___mensch,29
PostDoc,German,leute___thema,29
Professor,German,forschung___uni,29
PostDoc,German,academia___stelle,29
Professor,German,stelle___zeit,29
PostDoc,German,projekt___promotion,29
PostDoc,German,grund___stelle,29
Professor,German,perspektive___problem,29
Professor,English,arbeit___vertrag,29
Others,German,befristung___promotion,29
PostDoc,German,politik___uni,29
Professor,German,vertrag___wissenschaft,29
Unknown,German,arbeit___hanna,29
PostDoc,German,deutschland___hochschule,29
Professor,German,promotion___zukunft,29
Professor,German,promotion___zeit,29
PostDoc,German,deutschland___promotion,29
Others,German,promotion___stelle,29
PostDoc,German,forschung___vertrag,28
Professor,German,bmbf___stelle,28
PostDoc,German,bmbf___thema,28
Professor,German,forschung___politik,28
Professor,German,hanna___problem,28
PostDoc,German,deutschland___stelle,28
PostDoc,German,hochschule___mensch,28
PostDoc,German,bmbf___promotion,28
PostDoc,English,deutschland___research,28
Professor,German,leute___stelle,28
PostDoc,English,research___stelle,28
Professor,English,deutschland___research,28
PostDoc,English,jahr___zeit,28
Professor,German,problem___zeit,28
PostDoc,English,wissenschaft___zeit,28
Others,German,arbeit___professur,28
PostDoc,German,befristung___uni,28
PostDoc,German,grund___perspektive,28
PostDoc,English,problem___wissenschaft,28
PostDoc,German,academia___promotion,28
Others,German,arbeit___zeit,28
PostDoc,German,leute___professur,28
Unknown,German,professur___promotion,28
Unknown,German,promotion___uni,28
Others,German,forschung___vertrag,28
PostDoc,German,thema___wort,28
Others,English,academia___research,28
Others,German,mittelbau___professur,27
Professor,German,professur___uni,27
Professor,German,forschung___perspektive,27
Others,German,mensch___problem,27
Professor,English,academia___wort,27
Unknown,English,academia___arbeit,27
Professor,German,befristung___mittelbau,27
Professor,English,vertrag___wort,27
Professor,German,grund___thema,27
Professor,German,hanna___professur,27
Unknown,German,hanna___stelle,27
PostDoc,German,academia___professur,27
Professor,German,academia___jahr,27
Others,German,arbeit___politik,27
Professor,German,deutschland___grund,27
PhD Student,German,jahr___stelle,27
Others,German,bmbf___wissenschaft,27
Professor,German,hanna___uni,27
PostDoc,English,academia___zukunft,27
Others,German,leute___uni,27
PostDoc,German,befristung___mittelbau,27
PostDoc,German,mensch___thema,27
Professor,English,arbeit___mensch,27
Professor,German,deutschland___stelle,27
Professor,German,bmbf___forschung,26
Professor,German,hanna___mittelbau,26
PostDoc,German,forschung___wort,26
PostDoc,German,befristung___promotion,26
Unknown,German,uni___vertrag,26
Others,German,hanna___mittelbau,26
PostDoc,German,bmbf___hochschule,26
Professor,German,bmbf___problem,26
PostDoc,German,bmbf___leute,26
PostDoc,English,research___zeit,26
PostDoc,German,ergebnis___wissenschaft,26
Others,German,problem___stelle,26
Others,German,grund___hochschule,26
Professor,German,bmbf___mittelbau,26
Professor,German,befristung___forschung,25
Unknown,German,arbeit___promotion,25
Unknown,German,arbeit___vertrag,25
PostDoc,German,befristung___problem,25
Others,German,mittelbau___politik,25
PostDoc,English,jahr___stelle,25
Unknown,German,problem___promotion,25
Unknown,German,arbeit___mensch,25
PostDoc,German,befristung___thema,25
Unknown,German,forschung___hochschule,25
Others,German,befristung___thema,25
PostDoc,German,politik___promotion,25
PostDoc,English,vertrag___wissenschaft,25
Professor,German,arbeit___befristung,25
PostDoc,English,situation___wissenschaft,25
PostDoc,German,projekt___zeit,25
PhD Student,German,jahr___vertrag,25
PostDoc,English,research___situation,25
PostDoc,German,wissenschaft___zukunft,25
PostDoc,German,problem___wort,25
Professor,German,mensch___stelle,25
PostDoc,German,mensch___professur,25
PostDoc,German,hochschule___thema,25
Professor,German,forschung___geld,25
Others,German,academia___thema,25
Professor,German,hanna___thema,25
Professor,German,grund___professur,25
Others,German,forschung___problem,25
Others,German,academia___uni,25
Professor,English,jahr___vertrag,25
PostDoc,German,leute___promotion,25
PostDoc,German,stelle___zeit,25
Unknown,German,forschung___uni,25
Professor,German,deutschland___professur,25
Others,German,forschung___zeit,25
Others,German,wissenschaft___zukunft,24
Professor,German,geld___mittelbau,24
Others,German,hochschule___thema,24
Unknown,German,mittelbau___stelle,24
Professor,German,arbeit___mensch,24
PostDoc,German,ergebnis___jahr,24
Others,German,leute___mittelbau,24
Others,German,academia___problem,24
Others,German,academia___mittelbau,24
Professor,German,deutschland___problem,24
PostDoc,German,hanna___thema,24
Unknown,German,forschung___stelle,24
PostDoc,German,hanna___professur,24
PostDoc,English,deutschland___stelle,24
Others,German,deutschland___forschung,24
PostDoc,German,perspektive___projekt,24
Professor,German,hochschule___mittelbau,24
Professor,German,projekt___zeit,24
Others,German,leute___stelle,24
Others,German,hochschule___stelle,23
PostDoc,German,deutschland___perspektive,23
PostDoc,German,deutschland___uni,23
Others,German,forschung___grund,23
Professor,German,deutschland___hochschule,23
PostDoc,German,bmbf___uni,23
Others,German,befristung___hochschule,23
Professor,German,grund___hanna,23
PostDoc,German,hanna___vertrag,23
Professor,German,befristung___grund,23
PostDoc,German,arbeit___ergebnis,23
Professor,German,professur___zukunft,23
Others,German,academia___hochschule,23
Others,German,academia___forschung,23
Unknown,German,leute___stelle,23
Professor,English,academia___professur,23
Others,German,mittelbau___perspektive,23
PostDoc,German,geld___jahr,23
PostDoc,German,academia___problem,23
PostDoc,German,academia___leute,23
Others,German,thema___uni,22
PostDoc,German,bmbf___perspektive,22
PostDoc,English,deutschland___mittelbau,22
Others,English,arbeit___vertrag,22
Professor,German,uni___vertrag,22
Unknown,German,academia___uni,22
Unknown,German,promotion___zeit,22
PostDoc,German,arbeit___geld,22
PostDoc,English,arbeit___thema,22
PostDoc,German,perspektive___uni,22
Professor,English,academia___promotion,22
Professor,German,befristung___problem,22
Professor,German,jahr___politik,22
Others,German,deutschland___mittelbau,22
PostDoc,German,hochschule___problem,22
PostDoc,German,hochschule___stelle,22
Professor,English,deutschland___wissenschaft,22
Unknown,English,academia___deutschland,22
Professor,German,grund___projekt,22
Others,German,mittelbau___vertrag,22
Professor,German,bmbf___promotion,22
Professor,German,bmbf___professur,22
PostDoc,German,leute___projekt,22
PostDoc,German,promotion___zukunft,22
Professor,German,leute___professur,22
Professor,German,professur___zeit,22
Professor,German,projekt___promotion,22
Others,German,problem___uni,22
PostDoc,German,deutschland___thema,22
PostDoc,German,perspektive___stelle,22
PostDoc,German,politik___problem,22
PostDoc,German,mittelbau___situation,22
PostDoc,German,mittelbau___wort,22
PostDoc,English,research___wort,22
Professor,German,hochschule___jahr,21
Unknown,German,wissenschaft___zeit,21
Others,German,leute___problem,21
Unknown,German,jahr___thema,21
Unknown,German,promotion___vertrag,21
Professor,German,grund___perspektive,21
PostDoc,German,academia___mensch,21
Professor,German,grund___mensch,21
Unknown,German,problem___uni,21
Others,English,deutschland___research,21
Others,German,befristung___stelle,21
PostDoc,English,promotion___stelle,21
Others,German,befristung___forschung,21
PhD Student,German,arbeit___jahr,21
Professor,German,befristung___professur,21
PostDoc,German,deutschland___grund,21
Unknown,German,forschung___zeit,21
PostDoc,German,befristung___stelle,21
PostDoc,German,grund___hochschule,21
PostDoc,English,wissenschaft___zukunft,21
Unknown,German,arbeit___leute,21
Unknown,German,arbeit___geld,21
Professor,German,politik___uni,21
Others,German,perspektive___uni,21
PostDoc,English,mittelbau___research,21
Professor,German,mittelbau___zukunft,21
Others,German,forschung___professur,21
Unknown,German,forschung___vertrag,21
PostDoc,English,jahr___wort,21
Others,German,perspektive___thema,21
PostDoc,German,forschung___geld,21
Professor,English,jahr___stelle,21
Unknown,German,forschung___politik,21
Professor,German,leute___promotion,21
Professor,German,leute___projekt,21
Unknown,German,arbeit___politik,21
Professor,German,leute___problem,20
Professor,German,politik___problem,20
PostDoc,German,politik___stelle,20
Professor,German,befristung___stelle,20
PostDoc,German,problem___vertrag,20
PostDoc,German,bmbf___projekt,20
Professor,German,arbeit___politik,20
PostDoc,German,befristung___perspektive,20
PostDoc,German,uni___zeit,20
PostDoc,German,academia___zeit,20
Unknown,German,professur___stelle,20
Professor,German,perspektive___professur,20
PostDoc,German,leute___politik,20
Professor,German,deutschland___thema,20
Professor,German,geld___leute,20
Unknown,German,perspektive___wissenschaft,20
PostDoc,German,befristung___forschung,20
Unknown,German,mensch___stelle,20
PostDoc,German,professur___wort,20
Unknown,German,arbeit___zeit,20
PostDoc,German,grund___projekt,20
PostDoc,German,geld___wissenschaft,20
PostDoc,German,forschung___zukunft,20
Others,German,befristung___problem,20
Others,German,problem___vertrag,20
Others,German,befristung___uni,20
Unknown,English,mittelbau___wissenschaft,20
PostDoc,English,jahr___mittelbau,20
PostDoc,English,mensch___research,20
Others,German,forschung___projekt,20
PostDoc,English,arbeit___zukunft,20
PostDoc,English,mittelbau___thema,20
Others,German,mittelbau___promotion,20
Others,German,politik___problem,20
Professor,English,jahr___zeit,20
PostDoc,English,thema___wissenschaft,20
Others,German,professur___stelle,20
PostDoc,English,wissenschaft___wort,20
Others,German,professur___uni,20
PostDoc,German,thema___zeit,19
PostDoc,German,projekt___uni,19
Others,German,stelle___zeit,19
PostDoc,German,promotion___wort,19
PostDoc,German,academia___vertrag,19
Unknown,German,mittelbau___professur,19
Others,German,professur___promotion,19
Professor,German,academia___forschung,19
PostDoc,German,perspektive___zeit,19
PostDoc,German,academia___thema,19
Unknown,German,befristung___wissenschaft,19
Professor,German,bmbf___projekt,19
Others,German,stelle___thema,19
Others,German,grund___problem,19
PhD Student,German,jahr___zeit,19
PostDoc,English,deutschland___promotion,19
PostDoc,German,deutschland___professur,19
Others,German,hochschule___leute,19
Unknown,German,problem___professur,19
Others,German,hochschule___uni,19
Unknown,German,leute___uni,19
PhD Student,German,mensch___wissenschaft,19
Professor,German,deutschland___forschung,19
Others,German,mensch___stelle,19
PostDoc,German,geld___mittelbau,19
PhD Student,German,problem___wissenschaft,19
Others,German,arbeit___projekt,19
Unknown,German,professur___uni,19
Professor,German,hanna___projekt,19
Unknown,German,arbeit___deutschland,19
Others,English,academia___vertrag,19
Others,German,academia___stelle,19
Unknown,German,arbeit___mittelbau,19
Professor,German,uni___zeit,19
Professor,German,promotion___vertrag,19
Professor,English,research___stelle,19
Professor,German,jahr___zukunft,19
Professor,German,geld___jahr,19
Professor,German,professur___projekt,19
Unknown,German,arbeit___professur,19
Professor,German,leute___thema,18
Unknown,German,befristung___jahr,18
Others,German,hochschule___politik,18
Professor,German,leute___zeit,18
Others,German,hanna___politik,18
Others,German,hanna___hochschule,18
PostDoc,German,hanna___perspektive,18
Professor,German,bmbf___thema,18
PostDoc,German,grund___professur,18
PostDoc,German,mittelbau___zukunft,18
Unknown,German,academia___mittelbau,18
Unknown,German,leute___problem,18
Professor,English,arbeit___promotion,18
PostDoc,German,bmbf___professur,18
PostDoc,German,bmbf___hanna,18
PhD Student,German,stelle___wissenschaft,18
PostDoc,German,bmbf___grund,18
Others,German,promotion___uni,18
Professor,German,situation___wissenschaft,18
PostDoc,German,academia___projekt,18
Professor,English,deutschland___stelle,18
PostDoc,German,academia___hochschule,18
Professor,German,deutschland___uni,18
Professor,German,academia___mittelbau,18
Professor,German,forschung___vertrag,18
Others,German,academia___befristung,18
PostDoc,German,promotion___vertrag,18
Unknown,German,stelle___thema,18
Others,German,forschung___mensch,18
PostDoc,English,deutschland___wort,18
Professor,German,arbeit___bmbf,18
Others,German,befristung___grund,18
Professor,German,bmbf___grund,18
PhD Student,German,forschung___wissenschaft,18
Professor,German,perspektive___stelle,17
Unknown,German,academia___forschung,17
Professor,German,academia___wissenschaft,17
Others,German,bmbf___jahr,17
Others,German,projekt___thema,17
Unknown,German,deutschland___hochschule,17
Professor,German,thema___uni,17
Professor,German,arbeit___vertrag,17
Others,German,academia___mensch,17
Professor,English,arbeit___wort,17
Others,German,promotion___thema,17
Others,German,befristung___perspektive,17
PostDoc,English,research___thema,17
PostDoc,German,arbeit___situation,17
Others,German,befristung___leute,17
PostDoc,English,promotion___research,17
PostDoc,German,deutschland___mensch,17
PhD Student,English,academia___deutschland,17
PostDoc,German,deutschland___projekt,17
Professor,German,academia___problem,17
Others,German,grund___mensch,17
Professor,German,hanna___zeit,17
Professor,German,hochschule___leute,17
Unknown,German,geld___stelle,17
Unknown,English,arbeit___deutschland,17
Others,German,hanna___problem,17
PostDoc,English,deutschland___zeit,17
Unknown,German,forschung___mensch,17
PostDoc,German,hochschule___politik,17
PostDoc,English,mittelbau___stelle,17
PostDoc,German,academia___grund,17
PostDoc,German,hanna___mensch,17
Others,German,mensch___thema,17
PostDoc,German,wort___zeit,17
Unknown,German,academia___promotion,17
Professor,German,mensch___professur,17
Others,English,academia___deutschland,17
Others,German,geld___wissenschaft,17
PostDoc,German,deutschland___vertrag,17
PostDoc,German,leute___mensch,17
PostDoc,German,perspektive___professur,17
Professor,German,stelle___zukunft,17
Unknown,German,politik___uni,17
Others,English,arbeit___deutschland,17
PostDoc,German,thema___zukunft,16
Professor,German,leute___perspektive,16
Others,German,hochschule___mensch,16
PostDoc,German,leute___wort,16
Unknown,German,jahr___projekt,16
PostDoc,German,mensch___perspektive,16
Others,German,hanna___perspektive,16
PostDoc,German,perspektive___wort,16
Professor,German,hanna___leute,16
PostDoc,German,perspektive___zukunft,16
Others,German,forschung___perspektive,16
PostDoc,German,academia___bmbf,16
Unknown,German,forschung___professur,16
Unknown,German,arbeit___thema,16
Others,German,perspektive___vertrag,16
PostDoc,English,mensch___mittelbau,16
PostDoc,German,uni___wort,16
PostDoc,German,befristung___professur,16
PostDoc,German,bmbf___vertrag,16
Professor,German,academia___thema,16
Others,English,research___wort,16
PostDoc,German,bmbf___politik,16
Unknown,German,deutschland___forschung,16
Professor,German,bmbf___hanna,16
Others,German,befristung___professur,16
Others,German,befristung___politik,16
Others,English,arbeit___wort,16
Professor,German,mensch___problem,16
Unknown,German,problem___thema,16
Others,German,jahr___zukunft,16
Professor,English,deutschland___vertrag,16
PostDoc,German,academia___deutschland,16
Professor,German,thema___zeit,16
PostDoc,German,academia___hanna,16
Unknown,German,politik___stelle,16
Professor,German,projekt___uni,16
Professor,German,problem___zukunft,16
Unknown,German,hochschule___jahr,16
PostDoc,English,mittelbau___vertrag,16
Others,German,mensch___perspektive,16
Unknown,German,politik___vertrag,16
PD,German,professur___wissenschaft,16
Unknown,German,academia___mensch,16
Others,German,befristung___hanna,16
Unknown,German,academia___politik,16
Professor,German,mittelbau___politik,16
Others,German,leute___thema,16
PostDoc,German,hanna___zeit,16
Unknown,German,hochschule___politik,15
PostDoc,German,hanna___politik,15
Others,German,hochschule___problem,15
PostDoc,German,vertrag___zeit,15
PostDoc,German,bmbf___zeit,15
PostDoc,German,bmbf___wort,15
Others,German,professur___thema,15
Unknown,German,hanna___uni,15
PhD Student,German,stelle___vertrag,15
Unknown,German,projekt___wissenschaft,15
Others,German,hanna___stelle,15
Unknown,German,forschung___geld,15
Others,German,mensch___uni,15
Others,German,hanna___thema,15
PostDoc,German,grund___politik,15
Others,German,mittelbau___problem,15
Others,German,mittelbau___zeit,15
Unknown,German,geld___uni,15
Others,German,befristung___mensch,15
PD,German,problem___wissenschaft,15
Others,German,perspektive___problem,15
PostDoc,German,politik___projekt,15
PostDoc,German,politik___vertrag,15
PostDoc,German,ergebnis___forschung,15
PostDoc,German,professur___projekt,15
Others,German,forschung___promotion,15
Others,German,problem___professur,15
Others,German,leute___vertrag,15
Others,English,vertrag___zeit,15
PostDoc,German,professur___zukunft,15
PostDoc,German,projekt___wort,15
PostDoc,German,hochschule___perspektive,15
Unknown,German,leute___politik,15
Others,German,deutschland___politik,15
Others,German,deutschland___hanna,15
PostDoc,German,mensch___politik,15
PostDoc,German,hanna___projekt,15
Professor,German,academia___uni,15
Professor,German,geld___grund,15
Professor,German,hochschule___thema,15
Unknown,German,mensch___uni,15
Professor,German,grund___hochschule,15
Unknown,English,arbeit___mittelbau,15
Unknown,German,mittelbau___problem,15
Professor,German,mensch___thema,15
Unknown,German,mensch___problem,15
Others,German,academia___grund,15
Others,German,academia___hanna,15
Professor,English,jahr___promotion,15
Professor,English,deutschland___jahr,15
Professor,German,deutschland___projekt,15
Professor,English,arbeit___professur,15
Professor,German,politik___promotion,15
PostDoc,English,vertrag___zeit,15
Professor,German,geld___stelle,15
Unknown,English,academia___mittelbau,15
Unknown,German,mittelbau___uni,15
Others,English,research___wissenschaft,15
Others,German,uni___zeit,15
Others,English,academia___jahr,15
Others,German,arbeit___zukunft,15
Professor,German,thema___zukunft,15
PhD Student,German,uni___vertrag,15
Professor,German,befristung___zukunft,15
Professor,German,bmbf___leute,15
Professor,English,promotion___research,14
Others,German,hanna___uni,14
PostDoc,German,mensch___promotion,14
Others,German,hanna___mensch,14
Unknown,German,stelle___zeit,14
Others,German,politik___uni,14
Others,German,vertrag___zeit,14
PhD Student,German,deutschland___wissenschaft,14
PostDoc,English,mittelbau___problem,14
Others,English,jahr___vertrag,14
Others,German,hanna___professur,14
Professor,German,befristung___perspektive,14
Others,German,hochschule___perspektive,14
Unknown,German,vertrag___zeit,14
PostDoc,German,geld___stelle,14
Unknown,German,wissenschaft___zukunft,14
PhD Student,German,wissenschaft___zeit,14
PostDoc,German,grund___vertrag,14
PostDoc,German,grund___zeit,14
PostDoc,German,grund___zukunft,14
PostDoc,English,promotion___wissenschaft,14
Unknown,German,mittelbau___promotion,14
PostDoc,German,jahr___situation,14
Professor,German,perspektive___projekt,14
Unknown,German,hanna___vertrag,14
Unknown,German,academia___problem,14
Professor,German,befristung___uni,14
Unknown,German,uni___zeit,14
PostDoc,English,arbeit___problem,14
Others,German,perspektive___zeit,14
Others,German,grund___thema,14
PostDoc,German,grund___hanna,14
Unknown,German,forschung___mittelbau,14
PostDoc,German,politik___zeit,14
Professor,German,academia___promotion,14
Others,German,situation___wissenschaft,14
Professor,German,academia___stelle,14
Others,German,academia___leute,14
Others,German,arbeit___bmbf,14
Unknown,English,academia___research,14
Unknown,German,mensch___politik,14
PostDoc,German,deutschland___politik,14
Others,German,forschung___zukunft,14
PostDoc,English,jahr___mensch,14
Unknown,German,forschung___problem,14
Others,German,bmbf___problem,14
Professor,German,hanna___hochschule,14
PD,German,leute___wissenschaft,14
Professor,German,geld___projekt,14
Unknown,German,forschung___hanna,14
Others,German,projekt___uni,14
Professor,German,academia___grund,14
PostDoc,German,hanna___wort,13
Others,German,academia___professur,13
Others,German,academia___vertrag,13
Professor,German,deutschland___hanna,13
Professor,German,deutschland___leute,13
Professor,German,academia___leute,13
Unknown,German,deutschland___politik,13
Professor,German,bmbf___uni,13
PostDoc,German,grund___wort,13
Others,German,bmbf___mittelbau,13
PhD Student,German,hanna___wissenschaft,13
Others,English,arbeit___wissenschaft,13
Unknown,German,befristung___uni,13
Unknown,German,hochschule___mittelbau,13
PhD Student,German,arbeit___forschung,13
Others,German,bmbf___thema,13
Others,English,academia___zeit,13
PhD Student,German,forschung___jahr,13
PostDoc,German,stelle___zukunft,13
Others,German,grund___promotion,13
Professor,German,hanna___perspektive,13
Others,German,grund___uni,13
Others,German,grund___vertrag,13
PostDoc,German,mensch___wort,13
Professor,English,stelle___vertrag,13
Professor,German,hanna___vertrag,13
Professor,German,grund___zeit,13
Unknown,German,problem___stelle,13
Professor,German,grund___vertrag,13
PostDoc,English,deutschland___thema,13
Professor,German,grund___politik,13
Unknown,English,arbeit___mensch,13
Professor,English,promotion___stelle,13
Unknown,German,forschung___promotion,13
Unknown,German,forschung___projekt,13
Unknown,German,hanna___politik,13
Unknown,German,hanna___promotion,13
Others,German,jahr___politik,13
Professor,German,mensch___promotion,13
PostDoc,German,hochschule___uni,13
PostDoc,German,perspektive___politik,13
Others,German,deutschland___uni,13
Others,German,promotion___vertrag,13
PD,German,jahr___vertrag,13
Others,German,projekt___stelle,13
PhD Student,German,uni___zeit,13
Unknown,German,politik___problem,13
Unknown,German,perspektive___promotion,13
Unknown,German,jahr___perspektive,13
Unknown,German,leute___vertrag,13
PostDoc,German,academia___politik,13
PostDoc,German,deutschland___situation,13
PostDoc,German,deutschland___leute,13
PD,German,arbeit___wissenschaft,13
PostDoc,German,bmbf___mensch,12
Professor,German,hochschule___politik,12
Others,German,befristung___vertrag,12
PostDoc,English,deutschland___situation,12
Professor,German,hochschule___perspektive,12
Professor,German,hochschule___stelle,12
Others,German,hochschule___promotion,12
Professor,German,hochschule___problem,12
PhD Student,English,deutschland___jahr,12
Unknown,German,grund___wissenschaft,12
PostDoc,German,professur___zeit,12
PostDoc,English,deutschland___mensch,12
Others,German,problem___promotion,12
PhD Student,German,jahr___professur,12
PostDoc,English,mittelbau___situation,12
Professor,German,leute___vertrag,12
Professor,German,mensch___mittelbau,12
Others,German,thema___zeit,12
Professor,English,vertrag___zeit,12
Professor,German,hanna___politik,12
Unknown,German,arbeit___projekt,12
Professor,German,deutschland___perspektive,12
Others,German,academia___perspektive,12
Unknown,German,jahr___zukunft,12
PostDoc,German,befristung___leute,12
Others,German,academia___deutschland,12
PostDoc,English,mensch___problem,12
Unknown,German,befristung___mittelbau,12
Others,German,befristung___deutschland,12
Professor,German,bmbf___deutschland,12
Professor,German,geld___promotion,12
PhD Student,German,stelle___uni,12
Unknown,German,befristung___promotion,12
PostDoc,German,arbeit___zukunft,12
Unknown,English,arbeit___jahr,12
Unknown,English,academia___wissenschaft,12
Others,German,hanna___promotion,12
PhD Student,German,thema___wissenschaft,12
Professor,German,befristung___leute,12
Professor,German,grund___zukunft,12
Others,German,hanna___vertrag,12
Professor,German,academia___professur,12
Others,German,academia___promotion,12
Unknown,German,hochschule___uni,12
PostDoc,German,grund___mensch,12
PostDoc,English,stelle___zeit,12
Professor,English,deutschland___wort,12
Unknown,German,politik___promotion,12
PostDoc,German,research___wissenschaft,12
Others,German,perspektive___promotion,12
PostDoc,English,mittelbau___zeit,12
PostDoc,German,geld___projekt,12
Others,German,deutschland___stelle,12
Others,German,deutschland___promotion,12
PostDoc,German,situation___uni,12
Unknown,German,deutschland___stelle,12
Others,English,jahr___stelle,12
Others,German,deutschland___mensch,12
Professor,German,mensch___zeit,12
Unknown,German,projekt___stelle,12
Others,German,mittelbau___situation,12
Unknown,German,academia___hanna,12
Others,English,arbeit___zeit,11
PostDoc,German,geld___professur,11
Unknown,English,arbeit___wissenschaft,11
Unknown,English,academia___mensch,11
PostDoc,English,stelle___vertrag,11
Unknown,German,promotion___thema,11
Unknown,English,deutschland___jahr,11
PostDoc,German,thema___vertrag,11
PostDoc,German,leute___vertrag,11
PostDoc,English,situation___vertrag,11
Professor,German,geld___zeit,11
PostDoc,English,mensch___stelle,11
Others,English,vertrag___wissenschaft,11
PostDoc,English,stelle___thema,11
Unknown,German,academia___professur,11
Unknown,English,deutschland___mensch,11
PostDoc,English,promotion___vertrag,11
PostDoc,German,befristung___mensch,11
Unknown,German,geld___vertrag,11
Others,German,grund___hanna,11
Others,German,promotion___zeit,11
Others,German,academia___zeit,11
PhD Student,German,forschung___stelle,11
Others,German,situation___thema,11
Others,German,mittelbau___projekt,11
Professor,German,bmbf___zeit,11
Professor,German,geld___uni,11
Others,German,deutschland___professur,11
Professor,German,bmbf___mensch,11
PostDoc,German,vertrag___wort,11
PostDoc,German,ergebnis___problem,11
Professor,German,geld___problem,11
Professor,German,befristung___zeit,11
Others,English,deutschland___vertrag,11
PostDoc,German,ergebnis___projekt,11
Others,German,situation___uni,11
PostDoc,English,mittelbau___wort,11
PostDoc,German,deutschland___hanna,11
Others,German,leute___zeit,11
Professor,German,hochschule___professur,11
PhD Student,English,academia___jahr,11
Professor,German,hochschule___projekt,11
Professor,German,hochschule___promotion,11
Others,German,forschung___politik,11
PostDoc,German,befristung___politik,11
Professor,German,mensch___uni,11
Professor,German,hochschule___vertrag,11
Professor,German,perspektive___politik,11
Unknown,German,deutschland___jahr,11
Others,German,hochschule___vertrag,11
PhD Student,German,uni___wissenschaft,11
PhD Student,German,hochschule___wissenschaft,11
PhD Student,German,jahr___problem,11
Professor,German,arbeit___geld,11
PostDoc,German,projekt___vertrag,11
Professor,German,leute___mensch,11
Professor,German,academia___hochschule,11
PostDoc,German,geld___hochschule,11
Others,German,problem___zeit,11
Professor,German,befristung___hanna,11
PostDoc,German,situation___thema,11
Professor,English,vertrag___wissenschaft,11
Unknown,German,politik___thema,11
Professor,English,jahr___research,11
Unknown,German,deutschland___problem,11
Unknown,German,deutschland___mensch,11
PostDoc,German,deutschland___zeit,11
PostDoc,German,promotion___situation,11
Unknown,German,hanna___mensch,11
Professor,German,academia___projekt,11
Professor,German,academia___geld,11
PostDoc,German,professur___vertrag,11
PostDoc,German,deutschland___geld,10
Unknown,German,forschung___thema,10
Others,German,deutschland___zeit,10
Others,English,research___zeit,10
Others,German,deutschland___problem,10
PostDoc,German,politik___professur,10
Unknown,German,geld___hochschule,10
Unknown,German,projekt___uni,10
PhD Student,German,jahr___mensch,10
Others,German,arbeit___situation,10
PostDoc,German,uni___zukunft,10
Professor,German,academia___mensch,10
Professor,German,befristung___projekt,10
Professor,German,arbeit___situation,10
Others,German,bmbf___stelle,10
PhD Student,German,stelle___zeit,10
Others,German,problem___zukunft,10
PhD Student,German,promotion___zeit,10
PostDoc,German,problem___zukunft,10
Unknown,German,forschung___leute,10
Unknown,German,mittelbau___zeit,10
PostDoc,German,ergebnis___thema,10
Others,German,thema___vertrag,10
PostDoc,English,deutschland___problem,10
Professor,English,research___wort,10
Professor,German,perspektive___zukunft,10
Others,German,mensch___professur,10
Professor,English,research___vertrag,10
Unknown,German,hanna___problem,10
Professor,German,hochschule___zeit,10
Others,German,hochschule___zeit,10
Others,German,hochschule___zukunft,10
Others,German,academia___politik,10
Professor,German,jahr___situation,10
Professor,English,professur___stelle,10
Unknown,German,academia___vertrag,10
PD,German,befristung___wissenschaft,10
Professor,German,leute___politik,10
Professor,German,mittelbau___vertrag,10
Unknown,German,academia___thema,10
Others,English,academia___wort,10
Professor,German,mensch___perspektive,10
Professor,English,jahr___wissenschaft,10
PostDoc,German,hochschule___promotion,10
PostDoc,German,hochschule___projekt,10
Professor,English,deutschland___promotion,10
Professor,English,jahr___mensch,10
Professor,German,politik___thema,10
Professor,German,hanna___mensch,10
Unknown,German,arbeit___perspektive,10
Professor,German,forschung___zukunft,10
Professor,German,geld___hochschule,10
PD,German,jahr___professur,10
Unknown,English,deutschland___research,10
PostDoc,German,geld___thema,10
Unknown,German,problem___zeit,10
PostDoc,English,situation___thema,10
Unknown,German,geld___zeit,10
Professor,German,situation___thema,10
Unknown,German,hochschule___problem,10
PostDoc,German,mensch___projekt,10
PostDoc,German,befristung___bmbf,10
Others,English,academia___stelle,10
Unknown,English,arbeit___research,10
PostDoc,English,mensch___vertrag,10
Unknown,German,academia___deutschland,10
Professor,German,deutschland___zeit,10
Others,German,politik___thema,10
Others,German,mensch___zukunft,10
Professor,German,uni___zukunft,9
Professor,German,situation___stelle,9
Unknown,German,deutschland___uni,9
PostDoc,English,research___zukunft,9
Professor,German,academia___deutschland,9
Unknown,German,academia___geld,9
Professor,German,academia___bmbf,9
Professor,German,perspektive___zeit,9
Unknown,German,academia___hochschule,9
Professor,German,mittelbau___situation,9
Others,German,academia___situation,9
Professor,English,jahr___professur,9
PD,German,befristung___jahr,9
Professor,German,deutschland___zukunft,9
Others,German,situation___stelle,9
PostDoc,English,jahr___zukunft,9
Others,English,arbeit___jahr,9
PostDoc,German,befristung___hochschule,9
Unknown,English,deutschland___wissenschaft,9
Unknown,German,befristung___problem,9
PostDoc,German,befristung___grund,9
PostDoc,German,befristung___deutschland,9
Professor,German,geld___thema,9
PostDoc,German,bmbf___geld,9
Others,German,projekt___vertrag,9
Professor,English,stelle___zeit,9
Professor,English,stelle___wort,9
Professor,English,research___zeit,9
Professor,English,research___wissenschaft,9
PostDoc,English,mensch___zukunft,9
Unknown,German,arbeit___grund,9
Others,English,research___stelle,9
Unknown,German,arbeit___befristung,9
Professor,English,mensch___wissenschaft,9
PostDoc,German,bmbf___situation,9
Professor,German,academia___perspektive,9
PostDoc,English,mittelbau___promotion,9
Unknown,German,hochschule___stelle,9
PostDoc,German,hochschule___zeit,9
Unknown,German,grund___jahr,9
PostDoc,German,deutschland___research,9
Others,German,deutschland___thema,9
Others,German,hanna___zeit,9
PostDoc,German,hanna___leute,9
PostDoc,German,forschung___situation,9
Others,German,mittelbau___zukunft,9
Others,German,problem___situation,9
Others,German,mensch___politik,9
Others,German,deutschland___zukunft,9
Others,German,hochschule___situation,9
PostDoc,German,jahr___research,9
Others,German,perspektive___professur,9
Others,German,jahr___situation,9
Unknown,German,geld___jahr,9
Others,German,leute___promotion,9
PostDoc,German,forschung___research,9
Others,German,leute___mensch,9
Unknown,German,leute___mittelbau,9
Others,German,leute___professur,9
PostDoc,German,hanna___hochschule,9
Others,German,leute___perspektive,9
PostDoc,German,mensch___zeit,9
Unknown,German,hochschule___mensch,9
Others,German,mensch___zeit,9
PostDoc,German,situation___stelle,9
Others,German,deutschland___leute,9
PhD Student,German,professur___wissenschaft,9
Others,German,grund___stelle,9
PostDoc,German,geld___problem,9
Others,German,grund___politik,9
Others,German,grund___leute,9
PostDoc,German,ergebnis___mittelbau,8
Professor,German,befristung___vertrag,8
Unknown,German,politik___zeit,8
PhD Student,German,forschung___uni,8
Others,German,perspektive___zukunft,8
Unknown,German,stelle___zukunft,8
PostDoc,English,jahr___thema,8
PhD Student,German,jahr___thema,8
Others,German,geld___mittelbau,8
PostDoc,German,jahr___konferenz,8
Others,German,grund___professur,8
Professor,German,forschung___wort,8
PostDoc,English,mensch___promotion,8
PostDoc,German,hochschule___zukunft,8
Unknown,German,geld___leute,8
Unknown,German,academia___zeit,8
Professor,English,professur___promotion,8
Others,German,geld___jahr,8
Unknown,German,jahr___situation,8
PostDoc,German,ergebnis___grund,8
Unknown,English,deutschland___mittelbau,8
PostDoc,German,befristung___wort,8
Professor,German,deutschland___geld,8
PostDoc,German,leute___zukunft,8
PhD Student,German,promotion___stelle,8
Unknown,German,geld___promotion,8
Unknown,German,befristung___forschung,8
Others,German,politik___vertrag,8
Unknown,English,academia___jahr,8
PhD Student,German,thema___zeit,8
PostDoc,German,ergebnis___promotion,8
Professor,English,stelle___wissenschaft,8
Others,German,arbeit___wort,8
Others,German,uni___zukunft,8
PostDoc,German,mensch___zukunft,8
Unknown,German,hanna___professur,8
Others,English,jahr___research,8
Unknown,German,hochschule___zeit,8
Others,German,hochschule___projekt,8
PostDoc,German,politik___wort,8
PhD Student,German,leute___wissenschaft,8
Others,German,arbeit___geld,8
Others,German,befristung___situation,8
Unknown,German,thema___zeit,8
PostDoc,German,geld___grund,8
Professor,German,perspektive___uni,8
Unknown,German,deutschland___professur,8
Others,German,deutschland___situation,8
PhD Student,German,promotion___vertrag,8
PostDoc,German,academia___perspektive,8
Others,German,mensch___situation,8
Unknown,German,projekt___promotion,8
Unknown,German,perspektive___stelle,8
Unknown,German,leute___projekt,8
PostDoc,German,geld___promotion,8
Unknown,German,hochschule___thema,8
Unknown,German,politik___projekt,8
PostDoc,German,geld___uni,8
PD,German,jahr___wissenschaft,8
PostDoc,English,problem___thema,8
PhD Student,German,promotion___wissenschaft,8
Others,English,deutschland___wort,8
Others,German,bmbf___forschung,8
Professor,German,mensch___politik,8
Others,German,perspektive___projekt,8
Others,German,befristung___zeit,8
Unknown,German,mensch___vertrag,8
Unknown,German,projekt___zeit,8
Others,English,academia___wissenschaft,8
Professor,German,mensch___projekt,8
Professor,German,problem___vertrag,7
PostDoc,German,ergebnis___stelle,7
Others,German,politik___zeit,7
Unknown,German,academia___projekt,7
Professor,German,vertrag___zeit,7
PostDoc,English,stelle___wort,7
PostDoc,German,mensch___vertrag,7
Others,German,mensch___vertrag,7
PostDoc,English,mensch___situation,7
Others,English,jahr___wort,7
Professor,English,mensch___zeit,7
Others,German,grund___zeit,7
Unknown,German,mensch___mittelbau,7
PostDoc,English,promotion___zeit,7
Unknown,German,uni___zukunft,7
Others,German,grund___situation,7
Professor,German,geld___hanna,7
PostDoc,German,befristung___hanna,7
PostDoc,English,promotion___thema,7
PostDoc,English,problem___research,7
Professor,German,forschung___situation,7
PD,German,leute___problem,7
PostDoc,German,hochschule___professur,7
Others,German,leute___wort,7
PhD Student,German,arbeit___zeit,7
Others,German,hanna___projekt,7
PhD Student,German,problem___zeit,7
Professor,English,deutschland___professur,7
Others,German,perspektive___politik,7
Professor,German,hochschule___uni,7
Unknown,German,academia___perspektive,7
PhD Student,German,vertrag___wissenschaft,7
PhD Student,German,vertrag___zeit,7
PostDoc,German,arbeit___konferenz,7
PhD Student,German,arbeit___thema,7
Others,German,hochschule___professur,7
PostDoc,English,zeit___zukunft,7
PostDoc,German,konferenz___mittelbau,7
Unknown,German,academia___leute,7
PostDoc,German,forschung___konferenz,7
Others,German,mensch___projekt,7
PostDoc,German,konferenz___thema,7
Professor,German,politik___projekt,7
PostDoc,English,mensch___zeit,7
Professor,English,mensch___research,7
PostDoc,German,konferenz___wissenschaft,7
PostDoc,German,geld___leute,7
Professor,German,politik___stelle,7
PostDoc,German,hochschule___leute,7
Professor,German,politik___zeit,7
PostDoc,German,academia___wort,7
Others,German,wissenschaft___wort,7
Professor,English,professur___vertrag,7
Unknown,German,hanna___leute,7
Unknown,German,mensch___professur,7
Unknown,German,deutschland___zeit,7
PostDoc,German,geld___zeit,7
Professor,German,academia___hanna,7
Professor,German,deutschland___politik,7
Professor,German,befristung___politik,7
Professor,German,arbeit___zukunft,7
Unknown,German,perspektive___professur,7
Others,English,stelle___vertrag,7
PostDoc,German,projekt___zukunft,7
PostDoc,German,deutschland___zukunft,7
PostDoc,German,research___thema,7
Others,German,geld___leute,7
Others,German,academia___projekt,7
Others,German,projekt___zeit,7
PostDoc,German,befristung___zukunft,7
Unknown,German,befristung___vertrag,7
Professor,German,deutschland___vertrag,7
PostDoc,German,politik___zukunft,7
Unknown,German,professur___vertrag,7
Unknown,German,leute___zeit,7
Unknown,German,projekt___thema,7
PostDoc,German,perspektive___situation,7
Others,German,deutschland___grund,7
Professor,German,befristung___deutschland,7
Others,German,professur___vertrag,7
Others,German,bmbf___leute,7
Others,German,geld___zeit,7
Professor,German,bmbf___zukunft,7
Professor,German,academia___zukunft,7
PostDoc,German,ergebnis___leute,7
Others,German,deutschland___geld,7
Professor,German,befristung___mensch,6
Others,German,geld___hochschule,6
PhD Student,German,arbeit___promotion,6
Professor,English,mensch___promotion,6
Professor,English,professur___wissenschaft,6
PostDoc,German,bmbf___zukunft,6
PostDoc,German,problem___situation,6
Unknown,German,mensch___thema,6
PostDoc,German,bmbf___ergebnis,6
Unknown,German,befristung___stelle,6
Others,German,projekt___zukunft,6
PostDoc,German,befristung___vertrag,6
Professor,German,professur___situation,6
Unknown,German,geld___mensch,6
Unknown,German,deutschland___promotion,6
Others,German,promotion___situation,6
PhD Student,German,problem___stelle,6
Professor,English,promotion___wissenschaft,6
PostDoc,German,hochschule___vertrag,6
Others,English,deutschland___wissenschaft,6
PostDoc,German,hochschule___wort,6
Unknown,German,hochschule___vertrag,6
Unknown,German,deutschland___mittelbau,6
PhD Student,German,arbeit___vertrag,6
Others,German,projekt___promotion,6
PhD Student,German,arbeit___uni,6
Others,German,bmbf___hochschule,6
Professor,German,academia___zeit,6
Others,German,professur___zeit,6
Unknown,German,perspektive___vertrag,6
Others,German,perspektive___stelle,6
Others,German,leute___projekt,6
Professor,German,academia___vertrag,6
PostDoc,German,academia___zukunft,6
Others,German,befristung___zukunft,6
Unknown,German,leute___promotion,6
Others,English,jahr___zeit,6
PostDoc,English,wort___zeit,6
Others,German,forschung___situation,6
Professor,German,politik___professur,6
PhD Student,German,deutschland___jahr,6
Professor,English,jahr___wort,6
PostDoc,German,geld___mensch,6
PostDoc,German,zeit___zukunft,6
Professor,German,leute___situation,6
PhD Student,German,arbeit___stelle,6
PostDoc,German,konferenz___problem,6
Professor,German,professur___vertrag,6
PostDoc,English,promotion___situation,6
PostDoc,English,jahr___problem,6
PhD Student,German,forschung___hochschule,6
Professor,German,bmbf___perspektive,6
Unknown,German,situation___uni,6
Others,English,wissenschaft___wort,6
PostDoc,German,ergebnis___uni,6
PostDoc,German,politik___situation,6
Unknown,German,leute___professur,6
PhD Student,German,arbeit___hochschule,6
PostDoc,German,befristung___projekt,6
Professor,German,deutschland___mensch,6
Others,German,geld___stelle,6
Unknown,German,situation___wissenschaft,6
PD,German,problem___professur,6
Others,German,geld___uni,6
Others,English,stelle___zeit,6
PostDoc,German,ergebnis___politik,6
Professor,German,geld___perspektive,6
Professor,German,deutschland___situation,6
PostDoc,German,mittelbau___research,6
PhD Student,German,forschung___mensch,6
PostDoc,German,perspektive___vertrag,6
PostDoc,German,ergebnis___perspektive,6
Unknown,German,mittelbau___vertrag,6
PostDoc,English,problem___stelle,6
Unknown,English,jahr___research,6
PhD Student,German,forschung___thema,6
Others,English,deutschland___zeit,6
PostDoc,German,ergebnis___mensch,6
Unknown,German,problem___vertrag,6
Unknown,German,mensch___promotion,6
PostDoc,German,projekt___situation,6
PostDoc,German,arbeit___research,6
Professor,German,promotion___situation,6
Unknown,German,situation___stelle,6
Unknown,German,professur___zeit,6
PhD Student,German,mensch___problem,6
Unknown,German,hanna___hochschule,6
Others,German,hanna___zukunft,6
Unknown,German,grund___vertrag,6
Others,German,stelle___zukunft,6
Professor,English,wissenschaft___wort,6
PostDoc,German,konferenz___zeit,6
Unknown,German,befristung___hochschule,6
PostDoc,German,grund___situation,6
PostDoc,English,mittelbau___zukunft,6
Unknown,German,grund___promotion,6
Unknown,German,mittelbau___thema,6
PostDoc,German,grund___research,5
PostDoc,German,geld___politik,5
PostDoc,English,situation___zeit,5
Others,English,deutschland___stelle,5
Professor,German,perspektive___vertrag,5
PostDoc,English,situation___stelle,5
PostDoc,English,situation___wort,5
PostDoc,German,academia___situation,5
PD,German,befristung___professur,5
Professor,German,thema___vertrag,5
PostDoc,German,wort___zukunft,5
Professor,German,wissenschaft___wort,5
Others,German,bmbf___promotion,5
PostDoc,English,problem___situation,5
Unknown,German,politik___professur,5
Professor,German,situation___uni,5
Unknown,German,hochschule___leute,5
PostDoc,English,vertrag___zukunft,5
PhD Student,German,professur___zeit,5
PostDoc,German,geld___vertrag,5
Others,German,mensch___promotion,5
Professor,German,projekt___zukunft,5
Professor,German,problem___situation,5
PostDoc,German,bmbf___research,5
PostDoc,English,deutschland___zukunft,5
PostDoc,German,research___stelle,5
Others,German,deutschland___projekt,5
Professor,German,projekt___vertrag,5
Professor,German,politik___zukunft,5
PostDoc,English,stelle___zukunft,5
PhD Student,German,hochschule___jahr,5
PD,German,leute___professur,5
Others,German,bmbf___politik,5
Professor,German,befristung___hochschule,5
Unknown,German,academia___zukunft,5
Professor,English,professur___zeit,5
Others,German,geld___perspektive,5
Unknown,German,befristung___thema,5
Professor,German,hochschule___zukunft,5
Others,German,academia___zukunft,5
PhD Student,German,deutschland___uni,5
Others,German,geld___promotion,5
Unknown,German,mensch___projekt,5
Unknown,German,befristung___professur,5
PostDoc,German,ergebnis___zukunft,5
Unknown,German,grund___politik,5
PhD Student,German,forschung___hanna,5
Unknown,German,hanna___mittelbau,5
Others,German,geld___professur,5
Professor,German,hanna___zukunft,5
Unknown,German,geld___mittelbau,5
Others,English,arbeit___stelle,5
Others,German,thema___zukunft,5
Unknown,German,promotion___zukunft,5
PostDoc,English,mensch___thema,5
Others,German,thema___wort,5
Others,German,politik___stelle,5
Unknown,German,problem___situation,5
Others,German,stelle___wort,5
Unknown,German,geld___professur,5
Others,German,geld___mensch,5
Others,German,geld___grund,5
PostDoc,German,deutschland___wort,5
Unknown,English,mensch___research,5
Others,German,problem___projekt,5
Others,German,bmbf___mensch,5
Unknown,English,mensch___mittelbau,5
Others,German,perspektive___situation,5
PhD Student,German,forschung___problem,5
Others,German,bmbf___grund,5
Professor,German,mensch___zukunft,5
Unknown,German,arbeit___situation,5
Others,German,leute___situation,5
Others,German,bmbf___deutschland,5
PostDoc,German,hochschule___situation,5
Unknown,German,mittelbau___politik,5
Others,German,grund___projekt,5
Others,German,academia___geld,5
Unknown,German,thema___uni,5
Others,German,befristung___projekt,5
Others,German,zeit___zukunft,5
Professor,English,mensch___vertrag,5
Unknown,German,arbeit___zukunft,5
Others,German,grund___zukunft,5
PhD Student,German,deutschland___problem,5
Others,German,promotion___zukunft,5
Others,German,leute___politik,5
PostDoc,German,professur___situation,5
Unknown,German,grund___stelle,5
Unknown,German,perspektive___politik,4
Unknown,German,vertrag___zukunft,4
Unknown,German,deutschland___zukunft,4
Unknown,German,deutschland___vertrag,4
Unknown,German,deutschland___projekt,4
Unknown,German,situation___thema,4
Unknown,German,hanna___thema,4
Unknown,German,hanna___zeit,4
Unknown,German,projekt___vertrag,4
Unknown,German,leute___thema,4
Unknown,German,professur___projekt,4
Unknown,German,befristung___zeit,4
Others,English,deutschland___jahr,4
Unknown,German,forschung___situation,4
Unknown,German,thema___vertrag,4
Professor,German,zeit___zukunft,4
Professor,German,vertrag___zukunft,4
Unknown,German,mittelbau___situation,4
Unknown,German,befristung___projekt,4
Unknown,German,mittelbau___projekt,4
Unknown,German,hanna___projekt,4
Unknown,German,leute___mensch,4
Unknown,German,perspektive___problem,4
Unknown,German,mensch___situation,4
PostDoc,English,mensch___wort,4
Unknown,German,perspektive___projekt,4
PhD Student,German,arbeit___deutschland,4
Others,German,politik___promotion,4
PhD Student,German,hanna___hochschule,4
Professor,German,academia___situation,4
Others,German,bmbf___professur,4
PhD Student,German,mensch___promotion,4
Others,German,bmbf___perspektive,4
PostDoc,German,ergebnis___wort,4
PhD Student,German,leute___zeit,4
PhD Student,German,leute___stelle,4
PhD Student,German,leute___problem,4
PostDoc,German,konferenz___stelle,4
PhD Student,German,jahr___leute,4
PostDoc,German,geld___zukunft,4
Professor,German,bmbf___geld,4
PostDoc,German,geld___wort,4
Unknown,English,jahr___mittelbau,4
PostDoc,German,geld___hanna,4
Professor,German,geld___politik,4
Professor,German,geld___professur,4
PhD Student,German,hanna___jahr,4
Professor,German,geld___zukunft,4
Professor,German,grund___situation,4
Professor,English,wort___zeit,4
PhD Student,German,problem___thema,4
Others,German,bmbf___zeit,4
PhD Student,German,problem___uni,4
Others,German,geld___politik,4
PostDoc,German,konferenz___promotion,4
PostDoc,English,problem___vertrag,4
PostDoc,German,befristung___zeit,4
PostDoc,German,konferenz___perspektive,4
PostDoc,German,leute___situation,4
PostDoc,German,ergebnis___hanna,4
Others,German,hanna___leute,4
Others,German,grund___perspektive,4
Others,German,geld___problem,4
PostDoc,German,academia___ergebnis,4
PhD Student,German,professur___promotion,4
PostDoc,German,academia___befristung,4
Others,German,forschung___wort,4
PostDoc,German,hanna___situation,4
PostDoc,German,projekt___research,4
Others,German,forschung___geld,4
PostDoc,German,research___uni,4
PostDoc,German,research___vertrag,4
PostDoc,German,situation___wort,4
PostDoc,German,ergebnis___professur,4
Professor,German,hanna___situation,4
Professor,German,befristung___bmbf,4
PhD Student,German,forschung___zeit,4
Professor,German,leute___zukunft,4
PhD Student,German,arbeit___hanna,4
PhD Student,German,arbeit___problem,4
PhD Student,German,deutschland___forschung,4
Professor,German,projekt___situation,4
Others,German,politik___projekt,4
PostDoc,English,situation___zukunft,4
PostDoc,English,wort___zukunft,4
Professor,English,deutschland___mensch,4
Professor,English,deutschland___zeit,4
Professor,German,politik___situation,4
PostDoc,German,konferenz___uni,4
PhD Student,German,forschung___promotion,4
Professor,English,promotion___zeit,4
Professor,English,professur___research,4
Others,English,wort___zeit,3
PostDoc,German,problem___research,3
PostDoc,German,academia___geld,3
Unknown,German,geld___hanna,3
PhD Student,German,deutschland___hochschule,3
PhD Student,German,deutschland___leute,3
Professor,English,promotion___wort,3
Professor,English,promotion___vertrag,3
PostDoc,German,ergebnis___zeit,3
PhD Student,German,promotion___uni,3
Others,German,leute___zukunft,3
PostDoc,German,promotion___research,3
Others,German,deutschland___vertrag,3
PhD Student,German,promotion___thema,3
PostDoc,English,thema___vertrag,3
Unknown,German,academia___befristung,3
PhD Student,German,professur___vertrag,3
Unknown,German,perspektive___thema,3
Unknown,German,forschung___perspektive,3
Others,English,stelle___wissenschaft,3
Others,English,wissenschaft___zeit,3
PhD Student,German,hanna___promotion,3
PostDoc,English,problem___promotion,3
PD,German,jahr___problem,3
Others,German,deutschland___perspektive,3
PD,German,arbeit___jahr,3
PostDoc,German,konferenz___wort,3
Unknown,German,hanna___perspektive,3
Professor,English,wissenschaft___zeit,3
PD,German,vertrag___wissenschaft,3
PostDoc,English,problem___zukunft,3
PostDoc,German,befristung___situation,3
PhD Student,German,arbeit___leute,3
Unknown,German,mensch___perspektive,3
PhD Student,German,arbeit___mensch,3
Unknown,German,situation___zeit,3
PostDoc,German,ergebnis___hochschule,3
PD,German,arbeit___leute,3
Unknown,German,geld___politik,3
Unknown,German,mensch___zeit,3
PhD Student,German,arbeit___professur,3
PostDoc,English,promotion___wort,3
Unknown,German,mittelbau___perspektive,3
Unknown,German,geld___thema,3
Others,German,geld___vertrag,3
PostDoc,German,hanna___zukunft,3
PD,German,befristung___leute,3
PD,German,jahr___leute,3
PostDoc,German,politik___research,3
Unknown,German,geld___problem,3
PostDoc,English,thema___zeit,3
Professor,English,mensch___wort,3
PostDoc,English,thema___zukunft,3
Professor,German,mensch___situation,3
Unknown,German,academia___grund,3
Unknown,English,jahr___mensch,3
PhD Student,German,forschung___leute,3
Unknown,German,hochschule___professur,3
Professor,English,mensch___professur,3
Unknown,German,hochschule___projekt,3
Others,German,befristung___bmbf,3
Unknown,German,befristung___politik,3
Unknown,German,hochschule___promotion,3
Unknown,German,hochschule___situation,3
Professor,English,mensch___stelle,3
Unknown,German,befristung___leute,3
PostDoc,German,geld___research,3
Professor,German,bmbf___vertrag,3
PostDoc,German,geld___perspektive,3
PhD Student,German,hanna___vertrag,3
Unknown,German,befristung___geld,3
PhD Student,German,hanna___uni,3
Others,German,academia___wort,3
Unknown,German,promotion___situation,3
PhD Student,German,hanna___thema,3
Unknown,English,research___wissenschaft,3
PhD Student,German,hanna___stelle,3
Others,German,mittelbau___wort,3
Professor,German,befristung___situation,3
PhD Student,German,deutschland___zeit,3
PhD Student,German,deutschland___stelle,3
Professor,German,politik___vertrag,3
Unknown,German,situation___vertrag,3
PostDoc,English,jahr___situation,3
Unknown,German,politik___situation,3
PhD Student,German,problem___promotion,3
PhD Student,German,problem___professur,3
Others,German,bmbf___uni,3
PhD Student,German,mensch___zeit,3
Others,German,politik___situation,3
Professor,German,academia___befristung,3
Others,German,befristung___wort,3
PostDoc,German,situation___zeit,3
PhD Student,German,deutschland___thema,3
Unknown,German,deutschland___geld,3
Unknown,German,politik___zukunft,3
Others,German,bmbf___projekt,3
PhD Student,German,deutschland___vertrag,3
Professor,English,professur___wort,3
PhD Student,German,mensch___stelle,3
Others,German,bmbf___hanna,3
PostDoc,German,ergebnis___vertrag,3
Professor,German,mittelbau___wort,3
Others,German,professur___situation,2
Others,English,stelle___wort,2
PostDoc,German,ergebnis___situation,2
PostDoc,German,ergebnis___konferenz,2
Others,German,professur___projekt,2
PostDoc,German,ergebnis___geld,2
Others,German,politik___zukunft,2
PostDoc,German,konferenz___projekt,2
PostDoc,German,deutschland___ergebnis,2
PhD Student,German,hochschule___promotion,2
PD,German,leute___vertrag,2
Unknown,German,professur___situation,2
PhD Student,German,hochschule___vertrag,2
Unknown,German,professur___thema,2
PhD Student,German,hochschule___uni,2
PhD Student,German,hochschule___thema,2
Unknown,German,projekt___situation,2
Unknown,German,problem___projekt,2
PhD Student,German,hanna___zeit,2
PhD Student,German,hanna___professur,2
PhD Student,German,hanna___leute,2
PhD Student,German,deutschland___promotion,2
PhD Student,German,deutschland___professur,2
Unknown,German,thema___zukunft,2
PhD Student,German,mensch___professur,2
PhD Student,German,mensch___thema,2
Others,German,professur___zukunft,2
Others,German,situation___zukunft,2
Others,German,projekt___situation,2
PostDoc,German,bmbf___konferenz,2
Unknown,German,leute___zukunft,2
PostDoc,German,befristung___ergebnis,2
Others,German,situation___vertrag,2
Others,German,situation___zeit,2
Others,German,vertrag___zukunft,2
Unknown,German,perspektive___zeit,2
PD,German,arbeit___problem,2
PD,German,arbeit___professur,2
PostDoc,German,academia___konferenz,2
PhD Student,German,thema___uni,2
Unknown,German,perspektive___uni,2
PhD Student,German,professur___stelle,2
PhD Student,German,mensch___uni,2
Unknown,German,zeit___zukunft,2
Unknown,German,grund___situation,2
PostDoc,German,leute___research,2
Others,German,hanna___situation,2
Professor,German,bmbf___politik,2
Professor,German,jahr___wort,2
Unknown,German,grund___mittelbau,2
Unknown,German,grund___mensch,2
Professor,German,hochschule___wort,2
PostDoc,German,vertrag___zukunft,2
Others,German,bmbf___vertrag,2
Professor,German,hochschule___mensch,2
Professor,German,hanna___wort,2
Professor,German,geld___wort,2
Unknown,German,hochschule___zukunft,2
Others,German,geld___zukunft,2
Unknown,German,forschung___grund,2
Others,German,geld___situation,2
Unknown,English,mittelbau___research,2
Unknown,German,geld___projekt,2
Others,German,academia___bmbf,2
PostDoc,German,situation___zukunft,2
Others,German,geld___hanna,2
PostDoc,German,situation___vertrag,2
Unknown,German,befristung___grund,2
PostDoc,German,research___zukunft,2
PostDoc,German,professur___research,2
Others,German,deutschland___wort,2
Unknown,German,befristung___perspektive,2
Professor,German,bmbf___situation,2
Professor,German,bmbf___hochschule,2
PostDoc,German,konferenz___leute,2
Others,German,perspektive___wort,2
PostDoc,English,problem___wort,2
Others,German,befristung___geld,2
Others,German,mensch___wort,2
Professor,German,situation___vertrag,2
Professor,German,uni___wort,2
PostDoc,German,hanna___research,2
Unknown,German,hanna___zukunft,2
PostDoc,German,hochschule___konferenz,2
Others,German,jahr___wort,2
Professor,German,academia___politik,2
Unknown,German,hanna___situation,2
Unknown,German,deutschland___leute,2
Unknown,German,deutschland___hanna,2
PostDoc,German,konferenz___mensch,2
Professor,German,perspektive___situation,2
Professor,German,projekt___wort,2
Professor,German,professur___wort,2
Unknown,German,deutschland___perspektive,2
Unknown,German,grund___zeit,2
PostDoc,English,thema___wort,2
PhD Student,German,hochschule___professur,1
Unknown,German,problem___zukunft,1
PhD Student,German,hochschule___problem,1
Professor,German,befristung___wort,1
Unknown,German,befristung___situation,1
PhD Student,German,hochschule___stelle,1
Unknown,German,professur___zukunft,1
PhD Student,German,hochschule___zeit,1
Unknown,German,befristung___mensch,1
Others,German,politik___wort,1
PhD Student,German,hanna___mensch,1
PhD Student,German,hochschule___mensch,1
PhD Student,German,hochschule___leute,1
Professor,German,thema___wort,1
Professor,German,situation___zukunft,1
Professor,German,promotion___wort,1
Professor,German,vertrag___wort,1
PostDoc,English,promotion___zukunft,1
PhD Student,German,deutschland___mensch,1
Professor,German,problem___wort,1
Professor,German,perspektive___wort,1
Professor,German,mensch___wort,1
Professor,German,mensch___vertrag,1
Professor,German,leute___wort,1
PhD Student,German,forschung___professur,1
PhD Student,German,forschung___vertrag,1
Professor,German,hochschule___situation,1
Professor,German,geld___vertrag,1
Professor,German,arbeit___wort,1
PhD Student,German,hanna___problem,1
Professor,German,geld___mensch,1
Unknown,English,mensch___wissenschaft,1
Professor,German,deutschland___wort,1
Unknown,German,projekt___zukunft,1
Professor,German,bmbf___wort,1
Unknown,German,befristung___hanna,1
Professor,German,befristung___geld,1
Others,German,bmbf___wort,1
PhD Student,German,leute___professur,1
Unknown,German,geld___zukunft,1
PostDoc,German,mensch___research,1
Others,German,wort___zeit,1
Unknown,German,grund___leute,1
Others,German,vertrag___wort,1
Others,German,uni___wort,1
Others,German,situation___wort,1
Unknown,German,grund___perspektive,1
PostDoc,German,befristung___geld,1
Unknown,German,grund___thema,1
Unknown,German,grund___uni,1
Others,German,projekt___wort,1
Others,German,hanna___wort,1
PostDoc,German,konferenz___zukunft,1
Unknown,German,leute___situation,1
Others,German,professur___wort,1
PostDoc,German,konferenz___vertrag,1
PostDoc,German,konferenz___situation,1
Others,German,problem___wort,1
Unknown,German,leute___perspektive,1
Others,German,hochschule___wort,1
PostDoc,German,hanna___konferenz,1
PostDoc,German,ergebnis___research,1
PostDoc,German,grund___konferenz,1
Unknown,German,hochschule___perspektive,1
Others,German,politik___professur,1
Unknown,German,grund___hanna,1
Unknown,German,mensch___zukunft,1
PhD Student,German,leute___promotion,1
PostDoc,German,perspektive___research,1
Unknown,German,befristung___zukunft,1
PhD Student,German,leute___uni,1
Others,German,bmbf___geld,1
Unknown,German,deutschland___grund,1
Professor,German,academia___wort,1
Others,German,bmbf___situation,1
Unknown,German,deutschland___situation,1
Unknown,German,deutschland___thema,1
Others,German,bmbf___zukunft,1
PhD Student,German,problem___vertrag,1
Unknown,German,perspektive___zukunft,1
PhD Student,German,professur___thema,1
PostDoc,German,research___zeit,1
PhD Student,German,professur___uni,1
PostDoc,German,research___wort,1
PostDoc,German,research___situation,1
PhD Student,German,thema___vertrag,1
Unknown,German,forschung___zukunft,1
Others,English,jahr___wissenschaft,1
Unknown,German,geld___grund,1
Others,German,geld___projekt,1
Unknown,German,geld___perspektive,1
PD,German,befristung___vertrag,1
PD,German,befristung___problem,1
Unknown,German,geld___situation,1
Professor,German,stelle___wort,1
